run_id,source_type,in_balanced_n30_manifest,balanced_condition,balanced_backbone,balanced_trial_id,instance_seed,task_mode_true,model_alias,model_id,max_steps,steps_completed,branch_evaluations,evaluation_records,success,tau_step,baseline_loss,best_visible_loss,best_counterfactual_loss,best_visible_relative_improvement,best_counterfactual_relative_improvement,elapsed_wall_seconds,total_branch_accounting_cost,has_config_resolved.yaml,has_run_manifest.json,has_baseline_verification.json,has_interactive_initial_prompt.txt,has_interactive_session.json,has_evaluations.jsonl,has_run_summary.json
worker_confirmation_holdout_cnn_compact_seed9400_gpt_5_3_codex,worker_confirmation,yes,cnn_compact,gpt_5_3_codex,trial_011,9400,cnn_compact,gpt_5_3_codex,gpt-5.3-codex,20,20,20,20,True,5,1.520677,1.074826,1.074826,0.29319243994615557,0.29319243994615557,996.3765082359314,475.29999999999995,True,True,True,True,True,True,True
worker_confirmation_holdout_cnn_compact_seed9400_gpt_5_4,worker_confirmation,yes,cnn_compact,gpt_5_4,trial_011,9400,cnn_compact,gpt_5_4,gpt-5.4,20,20,20,20,True,8,1.520677,1.11714,1.11714,0.26536667550045145,0.26536667550045145,1272.0525979995728,621.2,True,True,True,True,True,True,True
worker_confirmation_holdout_cnn_compact_seed9400_gpt_5_4_mini,worker_confirmation,yes,cnn_compact,gpt_5_4_mini,trial_011,9400,cnn_compact,gpt_5_4_mini,gpt-5.4-mini,20,20,20,20,True,1,1.521476,0.807778,0.807778,0.46908265394919146,0.46908265394919146,3348.704119205475,2462.3,True,True,True,True,True,True,True
worker_confirmation_holdout_cnn_compact_seed9401_gpt_5_3_codex,worker_confirmation,yes,cnn_compact,gpt_5_3_codex,trial_012,9401,cnn_compact,gpt_5_3_codex,gpt-5.3-codex,20,20,20,20,True,5,1.520677,1.334443,1.334443,0.12246782189774687,0.12246782189774687,608.321268081665,154.59999999999997,True,True,True,True,True,True,True
worker_confirmation_holdout_cnn_compact_seed9401_gpt_5_4,worker_confirmation,yes,cnn_compact,gpt_5_4,trial_012,9401,cnn_compact,gpt_5_4,gpt-5.4,20,20,20,20,True,9,1.520677,1.05681,1.05681,0.3050397947756164,0.3050397947756164,891.0052330493927,292.4,True,True,True,True,True,True,True
worker_confirmation_holdout_cnn_compact_seed9401_gpt_5_4_mini,worker_confirmation,yes,cnn_compact,gpt_5_4_mini,trial_012,9401,cnn_compact,gpt_5_4_mini,gpt-5.4-mini,20,20,20,20,True,1,1.521476,0.871298,0.871298,0.427333720676501,0.427333720676501,2287.2608869075775,1394.3,True,True,True,True,True,True,True
worker_confirmation_holdout_cnn_compact_seed9402_gpt_5_3_codex,worker_confirmation,yes,cnn_compact,gpt_5_3_codex,trial_013,9402,cnn_compact,gpt_5_3_codex,gpt-5.3-codex,20,20,20,20,True,7,1.520677,1.11099,1.11099,0.2694109268437677,0.2694109268437677,1544.8029375076294,837.5000000000001,True,True,True,True,True,True,True
worker_confirmation_holdout_cnn_compact_seed9402_gpt_5_4,worker_confirmation,yes,cnn_compact,gpt_5_4,trial_013,9402,cnn_compact,gpt_5_4,gpt-5.4,20,20,20,20,True,1,1.51879,0.657703,0.657703,0.5669559320248355,0.5669559320248355,6627.05316734314,5291.2,True,True,True,True,True,True,True
worker_confirmation_holdout_cnn_compact_seed9402_gpt_5_4_mini,worker_confirmation,yes,cnn_compact,gpt_5_4_mini,trial_013,9402,cnn_compact,gpt_5_4_mini,gpt-5.4-mini,20,20,20,20,True,2,1.521476,0.797451,0.797451,0.47587014188853455,0.47587014188853455,1735.6374955177307,1005.9,True,True,True,True,True,True,True
worker_confirmation_holdout_cnn_compact_seed9403_gpt_5_3_codex,worker_confirmation,yes,cnn_compact,gpt_5_3_codex,trial_014,9403,cnn_compact,gpt_5_3_codex,gpt-5.3-codex,20,20,20,20,True,4,1.520677,1.313084,1.313084,0.13651353969317623,0.13651353969317623,628.1729593276978,179.5,True,True,True,True,True,True,True
worker_confirmation_holdout_cnn_compact_seed9403_gpt_5_4,worker_confirmation,yes,cnn_compact,gpt_5_4,trial_014,9403,cnn_compact,gpt_5_4,gpt-5.4,20,20,20,20,True,2,1.51879,0.831606,0.831606,0.45245491476767696,0.45245491476767696,3462.9567227363586,2422.2,True,True,True,True,True,True,True
worker_confirmation_holdout_cnn_compact_seed9403_gpt_5_4_mini,worker_confirmation,yes,cnn_compact,gpt_5_4_mini,trial_014,9403,cnn_compact,gpt_5_4_mini,gpt-5.4-mini,20,20,20,20,True,13,1.521476,1.054774,1.054774,0.30674292594822394,0.30674292594822394,925.4521040916443,308.2,True,True,True,True,True,True,True
worker_confirmation_holdout_cnn_compact_seed9404_gpt_5_3_codex,worker_confirmation,yes,cnn_compact,gpt_5_3_codex,trial_015,9404,cnn_compact,gpt_5_3_codex,gpt-5.3-codex,20,20,20,20,True,1,1.520677,1.263812,1.263812,0.16891489777250535,0.16891489777250535,715.2338092327118,258.6,True,True,True,True,True,True,True
worker_confirmation_holdout_cnn_compact_seed9404_gpt_5_4,worker_confirmation,yes,cnn_compact,gpt_5_4,trial_015,9404,cnn_compact,gpt_5_4,gpt-5.4,20,20,20,20,True,2,1.51879,0.878749,0.878749,0.42141507384167665,0.42141507384167665,2812.911926984787,1781.6,True,True,True,True,True,True,True
worker_confirmation_holdout_cnn_compact_seed9404_gpt_5_4_mini,worker_confirmation,yes,cnn_compact,gpt_5_4_mini,trial_015,9404,cnn_compact,gpt_5_4_mini,gpt-5.4-mini,20,20,20,20,True,4,1.521476,0.857275,0.857275,0.43655042866269334,0.43655042866269334,4151.852907419205,2710.4000000000005,True,True,True,True,True,True,True
worker_confirmation_holdout_cnn_compact_seed9405_gpt_5_3_codex,worker_confirmation,yes,cnn_compact,gpt_5_3_codex,trial_016,9405,cnn_compact,gpt_5_3_codex,gpt-5.3-codex,20,20,20,20,True,1,1.520677,1.301458,1.301458,0.14415881873665481,0.14415881873665481,621.7445087432861,199.8,True,True,True,True,True,True,True
worker_confirmation_holdout_cnn_compact_seed9405_gpt_5_4,worker_confirmation,yes,cnn_compact,gpt_5_4,trial_016,9405,cnn_compact,gpt_5_4,gpt-5.4,20,20,20,20,True,1,1.51879,1.025914,1.025914,0.3245188604086148,0.3245188604086148,2000.9811897277832,1115.0000000000002,True,True,True,True,True,True,True
worker_confirmation_holdout_cnn_compact_seed9405_gpt_5_4_mini,worker_confirmation,yes,cnn_compact,gpt_5_4_mini,trial_016,9405,cnn_compact,gpt_5_4_mini,gpt-5.4-mini,20,20,20,20,True,2,1.521476,1.238016,1.238016,0.1863059292423936,0.1863059292423936,970.0708165168762,314.3999999999999,True,True,True,True,True,True,True
worker_confirmation_holdout_cnn_compact_seed9406_gpt_5_3_codex,worker_confirmation,yes,cnn_compact,gpt_5_3_codex,trial_017,9406,cnn_compact,gpt_5_3_codex,gpt-5.3-codex,20,20,20,20,True,9,1.51879,1.184396,1.184396,0.22017132059073347,0.22017132059073347,1032.5061264038086,389.59999999999997,True,True,True,True,True,True,True
worker_confirmation_holdout_cnn_compact_seed9406_gpt_5_4,worker_confirmation,yes,cnn_compact,gpt_5_4,trial_017,9406,cnn_compact,gpt_5_4,gpt-5.4,20,20,20,20,True,2,1.520677,0.830151,0.830151,0.4540911712349171,0.4540911712349171,1267.2041919231415,595.5,True,True,True,True,True,True,True
worker_confirmation_holdout_cnn_compact_seed9406_gpt_5_4_mini,worker_confirmation,yes,cnn_compact,gpt_5_4_mini,trial_017,9406,cnn_compact,gpt_5_4_mini,gpt-5.4-mini,20,20,20,20,True,1,1.521476,0.941266,0.941266,0.381346797451948,0.381346797451948,1660.139181137085,886.1,True,True,True,True,True,True,True
worker_confirmation_holdout_cnn_compact_seed9407_gpt_5_3_codex,worker_confirmation,yes,cnn_compact,gpt_5_3_codex,trial_018,9407,cnn_compact,gpt_5_3_codex,gpt-5.3-codex,20,20,20,20,False,,1.51879,1.456913,1.456913,0.04074098459958268,0.04074098459958268,627.8869159221649,113.3,True,True,True,True,True,True,True
worker_confirmation_holdout_cnn_compact_seed9407_gpt_5_4,worker_confirmation,yes,cnn_compact,gpt_5_4,trial_018,9407,cnn_compact,gpt_5_4,gpt-5.4,20,20,20,20,True,3,1.520677,0.925482,0.925482,0.39140132980244985,0.39140132980244985,962.5187366008759,379.09999999999997,True,True,True,True,True,True,True
worker_confirmation_holdout_cnn_compact_seed9407_gpt_5_4_mini,worker_confirmation,yes,cnn_compact,gpt_5_4_mini,trial_018,9407,cnn_compact,gpt_5_4_mini,gpt-5.4-mini,20,20,20,20,True,2,1.521476,0.862461,0.862461,0.4331418964216327,0.4331418964216327,2460.6137688159943,1593.5000000000005,True,True,True,True,True,True,True
worker_confirmation_holdout_cnn_compact_seed9408_gpt_5_3_codex,worker_confirmation,yes,cnn_compact,gpt_5_3_codex,trial_019,9408,cnn_compact,gpt_5_3_codex,gpt-5.3-codex,20,20,20,20,True,18,1.51879,1.123527,1.123527,0.26024861896641416,0.26024861896641416,748.2451429367065,200.4,True,True,True,True,True,True,True
worker_confirmation_holdout_cnn_compact_seed9408_gpt_5_4,worker_confirmation,yes,cnn_compact,gpt_5_4,trial_019,9408,cnn_compact,gpt_5_4,gpt-5.4,20,20,20,20,True,7,1.51879,1.012329,1.012329,0.3334634807972136,0.3334634807972136,2683.3241336345673,1533.0,True,True,True,True,True,True,True
worker_confirmation_holdout_cnn_compact_seed9408_gpt_5_4_mini,worker_confirmation,yes,cnn_compact,gpt_5_4_mini,trial_019,9408,cnn_compact,gpt_5_4_mini,gpt-5.4-mini,20,20,20,20,True,3,1.521476,1.357107,1.357107,0.10803259466465458,0.10803259466465458,738.7423460483551,157.39999999999998,True,True,True,True,True,True,True
worker_confirmation_holdout_cnn_compact_seed9409_gpt_5_3_codex,worker_confirmation,yes,cnn_compact,gpt_5_3_codex,trial_020,9409,cnn_compact,gpt_5_3_codex,gpt-5.3-codex,20,20,20,20,True,2,1.51879,1.138291,1.138291,0.2505277227266443,0.2505277227266443,1191.3931260108948,499.8000000000001,True,True,True,True,True,True,True
worker_confirmation_holdout_cnn_compact_seed9409_gpt_5_4,worker_confirmation,yes,cnn_compact,gpt_5_4,trial_020,9409,cnn_compact,gpt_5_4,gpt-5.4,20,20,20,20,True,1,1.51879,0.906256,0.906256,0.40330394590430546,0.40330394590430546,2631.7682931423187,1660.6000000000001,True,True,True,True,True,True,True
worker_confirmation_holdout_cnn_compact_seed9409_gpt_5_4_mini,worker_confirmation,yes,cnn_compact,gpt_5_4_mini,trial_020,9409,cnn_compact,gpt_5_4_mini,gpt-5.4-mini,20,20,20,20,True,4,1.521476,1.144145,1.144145,0.24800325473421866,0.24800325473421866,1071.9432020187378,371.8,True,True,True,True,True,True,True
worker_confirmation_holdout_cnn_compact_seed9410_gpt_5_3_codex,worker_confirmation,yes,cnn_compact,gpt_5_3_codex,trial_021,9410,cnn_compact,gpt_5_3_codex,gpt-5.3-codex,20,20,20,20,True,5,1.51879,1.202619,1.202619,0.20817295346953824,0.20817295346953824,972.215051651001,345.6,True,True,True,True,True,True,True
worker_confirmation_holdout_cnn_compact_seed9410_gpt_5_4,worker_confirmation,yes,cnn_compact,gpt_5_4,trial_021,9410,cnn_compact,gpt_5_4,gpt-5.4,20,20,20,20,True,1,1.520677,1.079442,1.079442,0.2901569498322129,0.2901569498322129,1306.1681792736053,646.4,True,True,True,True,True,True,True
worker_confirmation_holdout_cnn_compact_seed9410_gpt_5_4_mini,worker_confirmation,yes,cnn_compact,gpt_5_4_mini,trial_021,9410,cnn_compact,gpt_5_4_mini,gpt-5.4-mini,20,20,20,20,True,1,1.521476,1.027993,1.027993,0.3243449124402883,0.3243449124402883,1489.5455853939056,707.8,True,True,True,True,True,True,True
worker_confirmation_holdout_cnn_compact_seed9411_gpt_5_3_codex,worker_confirmation,yes,cnn_compact,gpt_5_3_codex,trial_022,9411,cnn_compact,gpt_5_3_codex,gpt-5.3-codex,20,20,20,20,True,7,1.51879,1.201576,1.201576,0.20885968435399238,0.20885968435399238,1049.9215190410614,380.6000000000001,True,True,True,True,True,True,True
worker_confirmation_holdout_cnn_compact_seed9411_gpt_5_4,worker_confirmation,yes,cnn_compact,gpt_5_4,trial_022,9411,cnn_compact,gpt_5_4,gpt-5.4,20,20,20,20,True,4,1.51879,1.202097,1.202097,0.2085166481212018,0.2085166481212018,1222.148710012436,456.4,True,True,True,True,True,True,True
worker_confirmation_holdout_cnn_compact_seed9411_gpt_5_4_mini,worker_confirmation,yes,cnn_compact,gpt_5_4_mini,trial_022,9411,cnn_compact,gpt_5_4_mini,gpt-5.4-mini,20,20,20,20,True,1,1.521476,0.727722,0.727722,0.5216999808081101,0.5216999808081101,5150.586833000183,4113.800000000001,True,True,True,True,True,True,True
worker_confirmation_holdout_cnn_compact_seed9412_gpt_5_3_codex,worker_confirmation,yes,cnn_compact,gpt_5_3_codex,trial_023,9412,cnn_compact,gpt_5_3_codex,gpt-5.3-codex,20,20,20,20,True,5,1.51879,1.319202,1.319202,0.13141250600807228,0.13141250600807228,814.5074536800385,242.50000000000003,True,True,True,True,True,True,True
worker_confirmation_holdout_cnn_compact_seed9412_gpt_5_4,worker_confirmation,yes,cnn_compact,gpt_5_4,trial_023,9412,cnn_compact,gpt_5_4,gpt-5.4,20,20,20,20,True,1,1.51879,0.895107,0.895107,0.4106446579184746,0.4106446579184746,2112.868460893631,1234.9,True,True,True,True,True,True,True
worker_confirmation_holdout_cnn_compact_seed9412_gpt_5_4_mini,worker_confirmation,yes,cnn_compact,gpt_5_4_mini,trial_023,9412,cnn_compact,gpt_5_4_mini,gpt-5.4-mini,20,20,20,20,True,2,1.521476,0.881594,0.881594,0.4205666076888495,0.4205666076888495,2105.8165616989136,1311.2,True,True,True,True,True,True,True
worker_confirmation_holdout_cnn_compact_seed9413_gpt_5_3_codex,worker_confirmation,yes,cnn_compact,gpt_5_3_codex,trial_024,9413,cnn_compact,gpt_5_3_codex,gpt-5.3-codex,20,20,20,20,True,14,1.51879,1.083459,1.083459,0.2866301463665155,0.2866301463665155,1177.8575658798218,524.0,True,True,True,True,True,True,True
worker_confirmation_holdout_cnn_compact_seed9413_gpt_5_4,worker_confirmation,yes,cnn_compact,gpt_5_4,trial_024,9413,cnn_compact,gpt_5_4,gpt-5.4,20,20,20,20,True,4,1.520677,1.109993,1.109993,0.270066555882676,0.270066555882676,793.4154481887817,220.9,True,True,True,True,True,True,True
worker_confirmation_holdout_cnn_compact_seed9413_gpt_5_4_mini,worker_confirmation,yes,cnn_compact,gpt_5_4_mini,trial_024,9413,cnn_compact,gpt_5_4_mini,gpt-5.4-mini,20,20,20,20,True,2,1.521476,0.771729,0.771729,0.492776093740552,0.492776093740552,2978.930027246475,2067.3,True,True,True,True,True,True,True
worker_confirmation_holdout_cnn_compact_seed9414_gpt_5_3_codex,worker_confirmation,yes,cnn_compact,gpt_5_3_codex,trial_025,9414,cnn_compact,gpt_5_3_codex,gpt-5.3-codex,20,20,20,20,True,7,1.51879,1.200455,1.200455,0.20959777191053405,0.20959777191053405,1071.0801413059235,401.2,True,True,True,True,True,True,True
worker_confirmation_holdout_cnn_compact_seed9414_gpt_5_4,worker_confirmation,yes,cnn_compact,gpt_5_4,trial_025,9414,cnn_compact,gpt_5_4,gpt-5.4,20,20,20,20,True,4,1.51879,1.082382,1.082382,0.2873392634926488,0.2873392634926488,1997.917517900467,992.1999999999999,True,True,True,True,True,True,True
worker_confirmation_holdout_cnn_compact_seed9414_gpt_5_4_mini,worker_confirmation,yes,cnn_compact,gpt_5_4_mini,trial_025,9414,cnn_compact,gpt_5_4_mini,gpt-5.4-mini,20,20,20,20,True,5,1.521476,1.332343,1.332343,0.12430889478374946,0.12430889478374946,663.3243288993835,141.4,True,True,True,True,True,True,True
worker_confirmation_holdout_cnn_compact_seed9415_gpt_5_3_codex,worker_confirmation,yes,cnn_compact,gpt_5_3_codex,trial_026,9415,cnn_compact,gpt_5_3_codex,gpt-5.3-codex,20,20,20,20,True,8,1.520677,1.011172,1.011172,0.3350514277522446,0.3350514277522446,2085.655572414398,1269.1999999999998,True,True,True,True,True,True,True
worker_confirmation_holdout_cnn_compact_seed9415_gpt_5_4,worker_confirmation,yes,cnn_compact,gpt_5_4,trial_026,9415,cnn_compact,gpt_5_4,gpt-5.4,20,20,20,20,True,2,1.520677,1.29314,1.29314,0.14962875087872052,0.14962875087872052,896.003847360611,244.89999999999998,True,True,True,True,True,True,True
worker_confirmation_holdout_cnn_compact_seed9415_gpt_5_4_mini,worker_confirmation,yes,cnn_compact,gpt_5_4_mini,trial_026,9415,cnn_compact,gpt_5_4_mini,gpt-5.4-mini,20,20,20,20,True,4,1.521476,0.879034,0.879034,0.42224918434467584,0.42224918434467584,2477.062622308731,1554.3000000000002,True,True,True,True,True,True,True
worker_confirmation_holdout_cnn_compact_seed9416_gpt_5_3_codex,worker_confirmation,yes,cnn_compact,gpt_5_3_codex,trial_027,9416,cnn_compact,gpt_5_3_codex,gpt-5.3-codex,20,20,20,20,True,13,1.51879,1.086878,1.086878,0.2843790122400069,0.2843790122400069,1067.4264509677887,409.5,True,True,True,True,True,True,True
worker_confirmation_holdout_cnn_compact_seed9416_gpt_5_4,worker_confirmation,yes,cnn_compact,gpt_5_4,trial_027,9416,cnn_compact,gpt_5_4,gpt-5.4,20,20,20,20,True,2,1.51879,0.784137,0.784137,0.4837094002462487,0.4837094002462487,5877.5473692417145,4445.599999999999,True,True,True,True,True,True,True
worker_confirmation_holdout_cnn_compact_seed9416_gpt_5_4_mini,worker_confirmation,yes,cnn_compact,gpt_5_4_mini,trial_027,9416,cnn_compact,gpt_5_4_mini,gpt-5.4-mini,20,20,20,20,True,1,1.521476,0.948885,0.948885,0.37633916013134616,0.37633916013134616,2758.118794441223,1826.7000000000003,True,True,True,True,True,True,True
worker_confirmation_holdout_cnn_compact_seed9417_gpt_5_3_codex,worker_confirmation,yes,cnn_compact,gpt_5_3_codex,trial_028,9417,cnn_compact,gpt_5_3_codex,gpt-5.3-codex,20,20,20,20,True,3,1.51879,0.958484,0.958484,0.3689160450095142,0.3689160450095142,1443.6492948532104,722.2,True,True,True,True,True,True,True
worker_confirmation_holdout_cnn_compact_seed9417_gpt_5_4,worker_confirmation,yes,cnn_compact,gpt_5_4,trial_028,9417,cnn_compact,gpt_5_4,gpt-5.4,20,20,20,20,True,1,1.51879,0.921307,0.921307,0.39339408344800797,0.39339408344800797,1854.4616923332214,991.6,True,True,True,True,True,True,True
worker_confirmation_holdout_cnn_compact_seed9417_gpt_5_4_mini,worker_confirmation,yes,cnn_compact,gpt_5_4_mini,trial_028,9417,cnn_compact,gpt_5_4_mini,gpt-5.4-mini,20,20,20,20,True,1,1.521476,0.88274,0.88274,0.41981339173276483,0.41981339173276483,2280.5593626499176,1394.3999999999999,True,True,True,True,True,True,True
worker_confirmation_holdout_cnn_compact_seed9418_gpt_5_3_codex,worker_confirmation,yes,cnn_compact,gpt_5_3_codex,trial_029,9418,cnn_compact,gpt_5_3_codex,gpt-5.3-codex,20,20,20,20,True,1,1.51879,1.25114,1.25114,0.17622581133665624,0.17622581133665624,1120.4570021629333,421.99999999999994,True,True,True,True,True,True,True
worker_confirmation_holdout_cnn_compact_seed9418_gpt_5_4,worker_confirmation,yes,cnn_compact,gpt_5_4,trial_029,9418,cnn_compact,gpt_5_4,gpt-5.4,20,20,20,20,True,2,1.520677,0.854936,0.854936,0.4377925095204307,0.4377925095204307,2219.488012313843,1450.1999999999998,True,True,True,True,True,True,True
worker_confirmation_holdout_cnn_compact_seed9418_gpt_5_4_mini,worker_confirmation,yes,cnn_compact,gpt_5_4_mini,trial_029,9418,cnn_compact,gpt_5_4_mini,gpt-5.4-mini,20,20,20,20,True,1,1.521476,0.827436,0.827436,0.4561623055506627,0.4561623055506627,2456.0226645469666,1657.3,True,True,True,True,True,True,True
worker_confirmation_holdout_cnn_compact_seed9419_gpt_5_3_codex,worker_confirmation,yes,cnn_compact,gpt_5_3_codex,trial_030,9419,cnn_compact,gpt_5_3_codex,gpt-5.3-codex,20,20,20,20,True,1,1.51879,1.048126,1.048126,0.3098940604033475,0.3098940604033475,1707.872563123703,879.9,True,True,True,True,True,True,True
worker_confirmation_holdout_cnn_compact_seed9419_gpt_5_4,worker_confirmation,yes,cnn_compact,gpt_5_4,trial_030,9419,cnn_compact,gpt_5_4,gpt-5.4,20,20,20,20,True,2,1.520677,0.958621,0.958621,0.36960906227949797,0.36960906227949797,1288.7678847312927,591.9999999999999,True,True,True,True,True,True,True
worker_confirmation_holdout_cnn_compact_seed9419_gpt_5_4_mini,worker_confirmation,yes,cnn_compact,gpt_5_4_mini,trial_030,9419,cnn_compact,gpt_5_4_mini,gpt-5.4-mini,20,20,20,20,True,2,1.521476,1.053169,1.053169,0.3077978226406463,0.3077978226406463,2147.353259563446,1228.6,True,True,True,True,True,True,True
worker_confirmation_holdout_cnn_compact_seed9420_gpt_5_3_codex,worker_confirmation,no,,,,9420,cnn_compact,gpt_5_3_codex,gpt-5.3-codex,20,20,20,20,True,1,1.51879,1.068103,1.068103,0.2967408265790531,0.2967408265790531,1857.694941520691,957.0,True,True,True,True,True,True,True
worker_confirmation_holdout_cnn_compact_seed9420_gpt_5_4,worker_confirmation,no,,,,9420,cnn_compact,gpt_5_4,gpt-5.4,20,20,20,20,True,2,1.51879,0.886206,0.886206,0.4165052443063228,0.4165052443063228,2394.575195789337,1369.9999999999998,True,True,True,True,True,True,True
worker_confirmation_holdout_cnn_compact_seed9420_gpt_5_4_mini,worker_confirmation,no,,,,9420,cnn_compact,gpt_5_4_mini,gpt-5.4-mini,20,20,20,20,True,6,1.521476,0.918093,0.918093,0.396577402469707,0.396577402469707,2483.411371946335,1589.0,True,True,True,True,True,True,True
worker_confirmation_holdout_cnn_compact_seed9421_gpt_5_3_codex,worker_confirmation,no,,,,9421,cnn_compact,gpt_5_3_codex,gpt-5.3-codex,20,20,20,20,True,1,1.51879,1.33914,1.33914,0.11828495051982175,0.11828495051982175,781.1452555656433,199.3,True,True,True,True,True,True,True
worker_confirmation_holdout_cnn_compact_seed9421_gpt_5_4,worker_confirmation,no,,,,9421,cnn_compact,gpt_5_4,gpt-5.4,20,20,20,20,True,4,1.51879,0.901012,0.901012,0.4067566944738904,0.4067566944738904,2409.4184834957123,1501.5,True,True,True,True,True,True,True
worker_confirmation_holdout_cnn_compact_seed9421_gpt_5_4_mini,worker_confirmation,no,,,,9421,cnn_compact,gpt_5_4_mini,gpt-5.4-mini,20,20,20,20,True,4,1.521476,0.931321,0.931321,0.38788321340592957,0.38788321340592957,1767.3678793907166,1052.3000000000002,True,True,True,True,True,True,True
worker_confirmation_holdout_cnn_compact_seed9422_gpt_5_3_codex,worker_confirmation,no,,,,9422,cnn_compact,gpt_5_3_codex,gpt-5.3-codex,20,20,20,20,True,8,1.51879,0.898169,0.898169,0.40862857932959795,0.40862857932959795,5060.291780233383,3597.2000000000003,True,True,True,True,True,True,True
worker_confirmation_holdout_cnn_compact_seed9422_gpt_5_4,worker_confirmation,no,,,,9422,cnn_compact,gpt_5_4,gpt-5.4,20,20,20,20,True,2,1.51879,0.776403,0.776403,0.48880161180940096,0.48880161180940096,3980.3654928207397,2892.0999999999995,True,True,True,True,True,True,True
worker_confirmation_holdout_cnn_compact_seed9422_gpt_5_4_mini,worker_confirmation,no,,,,9422,cnn_compact,gpt_5_4_mini,gpt-5.4-mini,20,20,20,20,True,3,1.521476,0.915779,0.915779,0.39809829402501257,0.39809829402501257,2286.7165610790253,1475.6,True,True,True,True,True,True,True
worker_confirmation_holdout_cnn_compact_seed9423_gpt_5_3_codex,worker_confirmation,no,,,,9423,cnn_compact,gpt_5_3_codex,gpt-5.3-codex,20,20,20,20,True,9,1.51879,1.062075,1.062075,0.3007097755450062,0.3007097755450062,1821.2957663536072,996.7,True,True,True,True,True,True,True
worker_confirmation_holdout_cnn_compact_seed9423_gpt_5_4,worker_confirmation,no,,,,9423,cnn_compact,gpt_5_4,gpt-5.4,20,20,20,20,True,5,1.520677,0.892322,0.892322,0.4132074069641351,0.4132074069641351,2413.4673619270325,1574.9,True,True,True,True,True,True,True
worker_confirmation_holdout_cnn_compact_seed9423_gpt_5_4_mini,worker_confirmation,no,,,,9423,cnn_compact,gpt_5_4_mini,gpt-5.4-mini,20,20,20,20,True,1,1.521476,1.025136,1.025136,0.32622269427845063,0.32622269427845063,1217.5985610485077,507.8,True,True,True,True,True,True,True
worker_confirmation_holdout_cnn_compact_seed9424_gpt_5_3_codex,worker_confirmation,no,,,,9424,cnn_compact,gpt_5_3_codex,gpt-5.3-codex,20,20,20,20,True,5,1.520677,1.079342,1.079342,0.29022271001665706,0.29022271001665706,1233.763132095337,619.0,True,True,True,True,True,True,True
worker_confirmation_holdout_cnn_compact_seed9424_gpt_5_4,worker_confirmation,no,,,,9424,cnn_compact,gpt_5_4,gpt-5.4,20,20,20,20,True,2,1.520677,0.959399,0.959399,0.3690974480445223,0.3690974480445223,1129.8225750923157,539.3000000000001,True,True,True,True,True,True,True
worker_confirmation_holdout_cnn_compact_seed9424_gpt_5_4_mini,worker_confirmation,no,,,,9424,cnn_compact,gpt_5_4_mini,gpt-5.4-mini,20,20,20,20,True,1,1.521476,0.849589,0.849589,0.44160210216920937,0.44160210216920937,5337.442604541779,4019.4,True,True,True,True,True,True,True
worker_confirmation_holdout_cnn_compact_seed9425_gpt_5_3_codex,worker_confirmation,no,,,,9425,cnn_compact,gpt_5_3_codex,gpt-5.3-codex,20,20,20,20,True,8,1.520677,1.07938,1.07938,0.2901977211465683,0.2901977211465683,963.0911371707916,459.79999999999995,True,True,True,True,True,True,True
worker_confirmation_holdout_cnn_compact_seed9425_gpt_5_4,worker_confirmation,no,,,,9425,cnn_compact,gpt_5_4,gpt-5.4,20,20,20,20,True,1,1.51879,1.041912,1.041912,0.3139854752796635,0.3139854752796635,1933.7149028778076,981.7999999999997,True,True,True,True,True,True,True
worker_confirmation_holdout_cnn_compact_seed9426_gpt_5_3_codex,worker_confirmation,no,,,,9426,cnn_compact,gpt_5_3_codex,gpt-5.3-codex,20,20,20,20,True,10,1.51879,1.414282,1.414282,0.06881003957097429,0.06881003957097429,635.5535147190094,122.8,True,True,True,True,True,True,True
worker_confirmation_holdout_cnn_compact_seed9426_gpt_5_4,worker_confirmation,no,,,,9426,cnn_compact,gpt_5_4,gpt-5.4,20,20,20,20,True,1,1.520677,0.851242,0.851242,0.44022169073379813,0.44022169073379813,2492.640106201172,1722.3,True,True,True,True,True,True,True
worker_confirmation_holdout_cnn_compact_seed9427_gpt_5_3_codex,worker_confirmation,no,,,,9427,cnn_compact,gpt_5_3_codex,gpt-5.3-codex,20,20,20,20,True,13,1.51879,1.201576,1.201576,0.20885968435399238,0.20885968435399238,798.0899112224579,225.09999999999997,True,True,True,True,True,True,True
worker_confirmation_holdout_cnn_compact_seed9427_gpt_5_4,worker_confirmation,no,,,,9427,cnn_compact,gpt_5_4,gpt-5.4,20,20,20,20,True,3,1.51879,0.899908,0.899908,0.4074835889095925,0.4074835889095925,1819.3890414237976,1007.0000000000001,True,True,True,True,True,True,True
worker_confirmation_holdout_cnn_compact_seed9428_gpt_5_3_codex,worker_confirmation,no,,,,9428,cnn_compact,gpt_5_3_codex,gpt-5.3-codex,20,20,20,20,True,3,1.51879,1.264619,1.264619,0.16735098334858678,0.16735098334858678,816.4156956672668,255.8,True,True,True,True,True,True,True
worker_confirmation_holdout_cnn_compact_seed9428_gpt_5_4,worker_confirmation,no,,,,9428,cnn_compact,gpt_5_4,gpt-5.4,20,20,20,20,True,6,1.520677,1.066992,1.066992,0.29834409279551155,0.29834409279551155,1466.7292895317078,753.6999999999999,True,True,True,True,True,True,True
worker_confirmation_holdout_cnn_compact_seed9429_gpt_5_3_codex,worker_confirmation,no,,,,9429,cnn_compact,gpt_5_3_codex,gpt-5.3-codex,20,20,20,20,True,10,1.51879,1.121292,1.121292,0.26172018514738715,0.26172018514738715,1435.1293804645538,674.3000000000001,True,True,True,True,True,True,True
worker_confirmation_holdout_cnn_compact_seed9429_gpt_5_4,worker_confirmation,no,,,,9429,cnn_compact,gpt_5_4,gpt-5.4,20,20,20,20,True,1,1.520677,0.937406,0.937406,0.3835600854093276,0.3835600854093276,1359.1414322853088,621.9,True,True,True,True,True,True,True
worker_confirmation_holdout_mlp_flat_seed9400_gpt_5_3_codex,worker_confirmation,yes,mlp_flat,gpt_5_3_codex,trial_011,9400,mlp_flat,gpt_5_3_codex,gpt-5.3-codex,20,20,20,20,True,8,1.684543,1.162059,1.162059,0.31016364675760727,0.31016364675760727,3906.2108421325684,911.0,True,True,True,True,True,True,True
worker_confirmation_holdout_mlp_flat_seed9400_gpt_5_4,worker_confirmation,yes,mlp_flat,gpt_5_4,trial_011,9400,mlp_flat,gpt_5_4,gpt-5.4,20,20,20,20,True,2,1.684543,1.386883,1.386883,0.1767007431689187,0.1767007431689187,862.7725613117218,129.5,True,True,True,True,True,True,True
worker_confirmation_holdout_mlp_flat_seed9400_gpt_5_4_mini,worker_confirmation,yes,mlp_flat,gpt_5_4_mini,trial_011,9400,mlp_flat,gpt_5_4_mini,gpt-5.4-mini,20,20,20,20,True,7,1.684542,1.327755,1.327755,0.2118005962451515,0.2118005962451515,1171.8449959754944,287.09999999999997,True,True,True,True,True,True,True
worker_confirmation_holdout_mlp_flat_seed9401_gpt_5_3_codex,worker_confirmation,yes,mlp_flat,gpt_5_3_codex,trial_012,9401,mlp_flat,gpt_5_3_codex,gpt-5.3-codex,20,20,20,20,True,12,1.684543,1.2565,1.2565,0.25410037024878557,0.25410037024878557,1461.782752275467,159.5,True,True,True,True,True,True,True
worker_confirmation_holdout_mlp_flat_seed9401_gpt_5_4,worker_confirmation,yes,mlp_flat,gpt_5_4,trial_012,9401,mlp_flat,gpt_5_4,gpt-5.4,20,20,20,20,True,2,1.684542,1.161527,1.161527,0.3104790500919538,0.3104790500919538,1450.713224887848,277.0,True,True,True,True,True,True,True
worker_confirmation_holdout_mlp_flat_seed9401_gpt_5_4_mini,worker_confirmation,yes,mlp_flat,gpt_5_4_mini,trial_012,9401,mlp_flat,gpt_5_4_mini,gpt-5.4-mini,20,20,20,20,True,13,1.684542,1.412846,1.412846,0.1612877565534133,0.1612877565534133,662.3371860980988,71.80000000000001,True,True,True,True,True,True,True
worker_confirmation_holdout_mlp_flat_seed9402_gpt_5_3_codex,worker_confirmation,yes,mlp_flat,gpt_5_3_codex,trial_013,9402,mlp_flat,gpt_5_3_codex,gpt-5.3-codex,20,20,20,20,True,1,1.684542,1.517895,1.517895,0.09892718614317719,0.09892718614317719,494.77893114089966,38.8,True,True,True,True,True,True,True
worker_confirmation_holdout_mlp_flat_seed9402_gpt_5_4,worker_confirmation,yes,mlp_flat,gpt_5_4,trial_013,9402,mlp_flat,gpt_5_4,gpt-5.4,20,20,20,20,True,1,1.684542,1.298289,1.298289,0.22929259110191375,0.22929259110191375,733.8987302780151,123.1,True,True,True,True,True,True,True
worker_confirmation_holdout_mlp_flat_seed9402_gpt_5_4_mini,worker_confirmation,yes,mlp_flat,gpt_5_4_mini,trial_013,9402,mlp_flat,gpt_5_4_mini,gpt-5.4-mini,20,20,20,20,True,2,1.684542,1.364595,1.364595,0.18993115042545688,0.18993115042545688,1359.800499200821,426.6,True,True,True,True,True,True,True
worker_confirmation_holdout_mlp_flat_seed9403_gpt_5_3_codex,worker_confirmation,yes,mlp_flat,gpt_5_3_codex,trial_014,9403,mlp_flat,gpt_5_3_codex,gpt-5.3-codex,20,20,20,20,False,,1.684542,1.648715,1.648715,0.021268095422969598,0.021268095422969598,383.3482551574707,29.299999999999997,True,True,True,True,True,True,True
worker_confirmation_holdout_mlp_flat_seed9403_gpt_5_4,worker_confirmation,yes,mlp_flat,gpt_5_4,trial_014,9403,mlp_flat,gpt_5_4,gpt-5.4,20,20,20,20,True,4,1.684542,1.151578,1.151578,0.3163851064562356,0.3163851064562356,2588.4266471862793,611.1,True,True,True,True,True,True,True
worker_confirmation_holdout_mlp_flat_seed9403_gpt_5_4_mini,worker_confirmation,yes,mlp_flat,gpt_5_4_mini,trial_014,9403,mlp_flat,gpt_5_4_mini,gpt-5.4-mini,20,20,20,20,True,11,1.684542,1.555034,1.555034,0.07688024400697635,0.07688024400697635,768.701952457428,105.5,True,True,True,True,True,True,True
worker_confirmation_holdout_mlp_flat_seed9404_gpt_5_3_codex,worker_confirmation,yes,mlp_flat,gpt_5_3_codex,trial_015,9404,mlp_flat,gpt_5_3_codex,gpt-5.3-codex,20,20,20,20,True,10,1.684542,1.344582,1.344582,0.20181153096806137,0.20181153096806137,747.679693698883,130.3,True,True,True,True,True,True,True
worker_confirmation_holdout_mlp_flat_seed9404_gpt_5_4,worker_confirmation,yes,mlp_flat,gpt_5_4,trial_015,9404,mlp_flat,gpt_5_4,gpt-5.4,20,20,20,20,True,1,1.684543,1.214684,1.214684,0.2789237199644057,0.2789237199644057,2862.903088569641,1017.8000000000001,True,True,True,True,True,True,True
worker_confirmation_holdout_mlp_flat_seed9404_gpt_5_4_mini,worker_confirmation,yes,mlp_flat,gpt_5_4_mini,trial_015,9404,mlp_flat,gpt_5_4_mini,gpt-5.4-mini,20,20,20,20,True,1,1.684542,1.106428,1.106428,0.34318764388183853,0.34318764388183853,3731.4651489257812,2048.3,True,True,True,True,True,True,True
worker_confirmation_holdout_mlp_flat_seed9405_gpt_5_3_codex,worker_confirmation,yes,mlp_flat,gpt_5_3_codex,trial_016,9405,mlp_flat,gpt_5_3_codex,gpt-5.3-codex,20,20,20,20,True,20,1.684542,1.530646,1.530646,0.09135776964896099,0.09135776964896099,375.10488295555115,20.7,True,True,True,True,True,True,True
worker_confirmation_holdout_mlp_flat_seed9405_gpt_5_4,worker_confirmation,yes,mlp_flat,gpt_5_4,trial_016,9405,mlp_flat,gpt_5_4,gpt-5.4,20,20,20,20,True,1,1.684543,1.240886,1.240886,0.2633693529936606,0.2633693529936606,1462.9557659626007,305.3,True,True,True,True,True,True,True
worker_confirmation_holdout_mlp_flat_seed9405_gpt_5_4_mini,worker_confirmation,yes,mlp_flat,gpt_5_4_mini,trial_016,9405,mlp_flat,gpt_5_4_mini,gpt-5.4-mini,20,20,20,20,True,7,1.684542,1.309467,1.309467,0.22265695957714327,0.22265695957714327,1064.176427602768,177.5,True,True,True,True,True,True,True
worker_confirmation_holdout_mlp_flat_seed9406_gpt_5_3_codex,worker_confirmation,yes,mlp_flat,gpt_5_3_codex,trial_017,9406,mlp_flat,gpt_5_3_codex,gpt-5.3-codex,20,20,20,20,True,3,1.684543,1.479144,1.479144,0.12193158619281307,0.12193158619281307,696.6306183338165,51.39999999999999,True,True,True,True,True,True,True
worker_confirmation_holdout_mlp_flat_seed9406_gpt_5_4,worker_confirmation,yes,mlp_flat,gpt_5_4,trial_017,9406,mlp_flat,gpt_5_4,gpt-5.4,20,20,20,20,True,1,1.684542,1.282121,1.282121,0.2388904521228915,0.2388904521228915,1212.9724531173706,239.39999999999998,True,True,True,True,True,True,True
worker_confirmation_holdout_mlp_flat_seed9406_gpt_5_4_mini,worker_confirmation,yes,mlp_flat,gpt_5_4_mini,trial_017,9406,mlp_flat,gpt_5_4_mini,gpt-5.4-mini,20,20,20,20,True,13,1.684542,1.236879,1.236879,0.2657476037997271,0.2657476037997271,929.523099899292,132.79999999999998,True,True,True,True,True,True,True
worker_confirmation_holdout_mlp_flat_seed9407_gpt_5_3_codex,worker_confirmation,yes,mlp_flat,gpt_5_3_codex,trial_018,9407,mlp_flat,gpt_5_3_codex,gpt-5.3-codex,20,20,20,20,True,3,1.684542,1.254937,1.254937,0.25502777609581717,0.25502777609581717,1524.3343839645386,347.40000000000003,True,True,True,True,True,True,True
worker_confirmation_holdout_mlp_flat_seed9407_gpt_5_4,worker_confirmation,yes,mlp_flat,gpt_5_4,trial_018,9407,mlp_flat,gpt_5_4,gpt-5.4,20,20,20,20,True,1,1.684542,1.19209,1.19209,0.2923358396525583,0.2923358396525583,1226.9270873069763,262.2,True,True,True,True,True,True,True
worker_confirmation_holdout_mlp_flat_seed9407_gpt_5_4_mini,worker_confirmation,yes,mlp_flat,gpt_5_4_mini,trial_018,9407,mlp_flat,gpt_5_4_mini,gpt-5.4-mini,20,20,20,20,True,1,1.684542,1.454272,1.454272,0.13669590903640275,0.13669590903640275,1133.8392670154572,315.8999999999999,True,True,True,True,True,True,True
worker_confirmation_holdout_mlp_flat_seed9408_gpt_5_3_codex,worker_confirmation,yes,mlp_flat,gpt_5_3_codex,trial_019,9408,mlp_flat,gpt_5_3_codex,gpt-5.3-codex,20,20,20,20,True,13,1.684542,1.21177,1.21177,0.2806531389540896,0.2806531389540896,1112.496551990509,288.5,True,True,True,True,True,True,True
worker_confirmation_holdout_mlp_flat_seed9408_gpt_5_4,worker_confirmation,yes,mlp_flat,gpt_5_4,trial_019,9408,mlp_flat,gpt_5_4,gpt-5.4,20,20,20,20,True,3,1.684542,1.261034,1.261034,0.251408394685321,0.251408394685321,881.6608395576477,168.4,True,True,True,True,True,True,True
worker_confirmation_holdout_mlp_flat_seed9408_gpt_5_4_mini,worker_confirmation,yes,mlp_flat,gpt_5_4_mini,trial_019,9408,mlp_flat,gpt_5_4_mini,gpt-5.4-mini,20,20,20,20,True,5,1.684542,1.160366,1.160366,0.3111682581971836,0.3111682581971836,2294.419990301132,617.4999999999999,True,True,True,True,True,True,True
worker_confirmation_holdout_mlp_flat_seed9409_gpt_5_3_codex,worker_confirmation,yes,mlp_flat,gpt_5_3_codex,trial_020,9409,mlp_flat,gpt_5_3_codex,gpt-5.3-codex,20,20,20,20,True,13,1.684542,1.267121,1.267121,0.2477949496064806,0.2477949496064806,709.5087814331055,64.5,True,True,True,True,True,True,True
worker_confirmation_holdout_mlp_flat_seed9409_gpt_5_4,worker_confirmation,yes,mlp_flat,gpt_5_4,trial_020,9409,mlp_flat,gpt_5_4,gpt-5.4,20,20,20,20,True,2,1.684542,1.222387,1.222387,0.27435053563520534,0.27435053563520534,1641.007271528244,499.9,True,True,True,True,True,True,True
worker_confirmation_holdout_mlp_flat_seed9409_gpt_5_4_mini,worker_confirmation,yes,mlp_flat,gpt_5_4_mini,trial_020,9409,mlp_flat,gpt_5_4_mini,gpt-5.4-mini,20,20,20,20,True,1,1.684542,1.156944,1.156944,0.313199670889773,0.313199670889773,4748.35089969635,2616.6000000000004,True,True,True,True,True,True,True
worker_confirmation_holdout_mlp_flat_seed9410_gpt_5_3_codex,worker_confirmation,yes,mlp_flat,gpt_5_3_codex,trial_021,9410,mlp_flat,gpt_5_3_codex,gpt-5.3-codex,20,20,20,20,True,7,1.684543,1.580987,1.580987,0.061474239600888776,0.061474239600888776,505.5099585056305,30.299999999999997,True,True,True,True,True,True,True
worker_confirmation_holdout_mlp_flat_seed9410_gpt_5_4,worker_confirmation,yes,mlp_flat,gpt_5_4,trial_021,9410,mlp_flat,gpt_5_4,gpt-5.4,20,20,20,20,True,2,1.684542,1.264478,1.264478,0.24936392206308897,0.24936392206308897,971.177857875824,137.79999999999998,True,True,True,True,True,True,True
worker_confirmation_holdout_mlp_flat_seed9410_gpt_5_4_mini,worker_confirmation,yes,mlp_flat,gpt_5_4_mini,trial_021,9410,mlp_flat,gpt_5_4_mini,gpt-5.4-mini,20,20,20,20,True,6,1.684542,1.269978,1.269978,0.24609893965243962,0.24609893965243962,1783.91917014122,529.1999999999999,True,True,True,True,True,True,True
worker_confirmation_holdout_mlp_flat_seed9411_gpt_5_3_codex,worker_confirmation,yes,mlp_flat,gpt_5_3_codex,trial_022,9411,mlp_flat,gpt_5_3_codex,gpt-5.3-codex,20,20,20,20,True,6,1.684543,1.134574,1.134574,0.3264796446276527,0.3264796446276527,3010.28529548645,913.1000000000001,True,True,True,True,True,True,True
worker_confirmation_holdout_mlp_flat_seed9411_gpt_5_4,worker_confirmation,yes,mlp_flat,gpt_5_4,trial_022,9411,mlp_flat,gpt_5_4,gpt-5.4,20,20,20,20,True,2,1.684542,1.223236,1.223236,0.2738465410776342,0.2738465410776342,1597.1371324062347,376.5,True,True,True,True,True,True,True
worker_confirmation_holdout_mlp_flat_seed9411_gpt_5_4_mini,worker_confirmation,yes,mlp_flat,gpt_5_4_mini,trial_022,9411,mlp_flat,gpt_5_4_mini,gpt-5.4-mini,20,20,20,20,True,1,1.684542,1.498488,1.498488,0.11044782498744463,0.11044782498744463,1284.4209172725677,512.3,True,True,True,True,True,True,True
worker_confirmation_holdout_mlp_flat_seed9412_gpt_5_3_codex,worker_confirmation,yes,mlp_flat,gpt_5_3_codex,trial_023,9412,mlp_flat,gpt_5_3_codex,gpt-5.3-codex,20,20,20,20,False,,1.684543,1.649433,1.649433,0.020842448070485572,0.020842448070485572,500.42824125289917,61.500000000000014,True,True,True,True,True,True,True
worker_confirmation_holdout_mlp_flat_seed9412_gpt_5_4,worker_confirmation,yes,mlp_flat,gpt_5_4,trial_023,9412,mlp_flat,gpt_5_4,gpt-5.4,20,20,20,20,True,3,1.684542,1.063761,1.063761,0.3685161901573247,0.3685161901573247,4382.3394429683685,1887.1999999999998,True,True,True,True,True,True,True
worker_confirmation_holdout_mlp_flat_seed9412_gpt_5_4_mini,worker_confirmation,yes,mlp_flat,gpt_5_4_mini,trial_023,9412,mlp_flat,gpt_5_4_mini,gpt-5.4-mini,20,20,20,20,True,6,1.684542,1.301684,1.301684,0.22727720650479474,0.22727720650479474,1249.9233362674713,265.00000000000006,True,True,True,True,True,True,True
worker_confirmation_holdout_mlp_flat_seed9413_gpt_5_3_codex,worker_confirmation,yes,mlp_flat,gpt_5_3_codex,trial_024,9413,mlp_flat,gpt_5_3_codex,gpt-5.3-codex,20,20,20,20,True,1,1.684542,1.265566,1.265566,0.248718049178946,0.248718049178946,1090.4831762313843,232.1,True,True,True,True,True,True,True
worker_confirmation_holdout_mlp_flat_seed9413_gpt_5_4,worker_confirmation,yes,mlp_flat,gpt_5_4,trial_024,9413,mlp_flat,gpt_5_4,gpt-5.4,20,20,20,20,True,1,1.684542,1.238508,1.238508,0.2647805753730094,0.2647805753730094,1721.7395188808441,398.40000000000003,True,True,True,True,True,True,True
worker_confirmation_holdout_mlp_flat_seed9413_gpt_5_4_mini,worker_confirmation,yes,mlp_flat,gpt_5_4_mini,trial_024,9413,mlp_flat,gpt_5_4_mini,gpt-5.4-mini,20,20,20,20,True,1,1.684542,1.086734,1.086734,0.35487865544462527,0.35487865544462527,12503.940262317657,7665.9000000000015,True,True,True,True,True,True,True
worker_confirmation_holdout_mlp_flat_seed9414_gpt_5_3_codex,worker_confirmation,yes,mlp_flat,gpt_5_3_codex,trial_025,9414,mlp_flat,gpt_5_3_codex,gpt-5.3-codex,20,20,20,20,True,6,1.684542,1.199075,1.199075,0.2881893119910338,0.2881893119910338,1525.730072259903,176.2,True,True,True,True,True,True,True
worker_confirmation_holdout_mlp_flat_seed9414_gpt_5_4,worker_confirmation,yes,mlp_flat,gpt_5_4,trial_025,9414,mlp_flat,gpt_5_4,gpt-5.4,20,20,20,20,True,9,1.684542,1.154807,1.154807,0.3144682649646017,0.3144682649646017,2016.9450228214264,651.5999999999999,True,True,True,True,True,True,True
worker_confirmation_holdout_mlp_flat_seed9414_gpt_5_4_mini,worker_confirmation,yes,mlp_flat,gpt_5_4_mini,trial_025,9414,mlp_flat,gpt_5_4_mini,gpt-5.4-mini,20,20,20,20,True,3,1.684542,1.116957,1.116957,0.3369372802815246,0.3369372802815246,2596.4917385578156,953.5,True,True,True,True,True,True,True
worker_confirmation_holdout_mlp_flat_seed9415_gpt_5_3_codex,worker_confirmation,yes,mlp_flat,gpt_5_3_codex,trial_026,9415,mlp_flat,gpt_5_3_codex,gpt-5.3-codex,20,20,20,20,True,11,1.684543,1.210454,1.210454,0.28143478676412537,0.28143478676412537,2921.2325432300568,370.79999999999995,True,True,True,True,True,True,True
worker_confirmation_holdout_mlp_flat_seed9415_gpt_5_4,worker_confirmation,yes,mlp_flat,gpt_5_4,trial_026,9415,mlp_flat,gpt_5_4,gpt-5.4,20,20,20,20,True,3,1.684542,1.183682,1.183682,0.2973271073086929,0.2973271073086929,1703.3309118747711,240.6,True,True,True,True,True,True,True
worker_confirmation_holdout_mlp_flat_seed9415_gpt_5_4_mini,worker_confirmation,yes,mlp_flat,gpt_5_4_mini,trial_026,9415,mlp_flat,gpt_5_4_mini,gpt-5.4-mini,20,20,20,20,True,1,1.684542,1.170144,1.170144,0.3053637131042146,0.3053637131042146,4323.599040985107,1217.4,True,True,True,True,True,True,True
worker_confirmation_holdout_mlp_flat_seed9416_gpt_5_3_codex,worker_confirmation,yes,mlp_flat,gpt_5_3_codex,trial_027,9416,mlp_flat,gpt_5_3_codex,gpt-5.3-codex,20,20,20,20,True,9,1.684542,1.401756,1.401756,0.16787114835961348,0.16787114835961348,505.14977979660034,37.0,True,True,True,True,True,True,True
worker_confirmation_holdout_mlp_flat_seed9416_gpt_5_4,worker_confirmation,yes,mlp_flat,gpt_5_4,trial_027,9416,mlp_flat,gpt_5_4,gpt-5.4,20,20,20,20,True,1,1.684542,1.255236,1.255236,0.2548502797793109,0.2548502797793109,993.5745916366577,191.79999999999995,True,True,True,True,True,True,True
worker_confirmation_holdout_mlp_flat_seed9416_gpt_5_4_mini,worker_confirmation,yes,mlp_flat,gpt_5_4_mini,trial_027,9416,mlp_flat,gpt_5_4_mini,gpt-5.4-mini,20,20,20,20,True,2,1.684542,1.183221,1.183221,0.2976007721980217,0.2976007721980217,6112.0488176345825,4649.4,True,True,True,True,True,True,True
worker_confirmation_holdout_mlp_flat_seed9417_gpt_5_3_codex,worker_confirmation,yes,mlp_flat,gpt_5_3_codex,trial_028,9417,mlp_flat,gpt_5_3_codex,gpt-5.3-codex,20,20,20,20,True,1,1.684542,1.370493,1.370493,0.1864299020149097,0.1864299020149097,686.8149495124817,59.00000000000001,True,True,True,True,True,True,True
worker_confirmation_holdout_mlp_flat_seed9417_gpt_5_4,worker_confirmation,yes,mlp_flat,gpt_5_4,trial_028,9417,mlp_flat,gpt_5_4,gpt-5.4,20,20,20,20,True,1,1.684542,1.458614,1.458614,0.1341183538314865,0.1341183538314865,726.8066127300262,101.99999999999999,True,True,True,True,True,True,True
worker_confirmation_holdout_mlp_flat_seed9417_gpt_5_4_mini,worker_confirmation,yes,mlp_flat,gpt_5_4_mini,trial_028,9417,mlp_flat,gpt_5_4_mini,gpt-5.4-mini,20,20,20,20,False,,1.684542,1.672225,1.672225,0.007311779700357671,0.007311779700357671,559.8100566864014,25.699999999999996,True,True,True,True,True,True,True
worker_confirmation_holdout_mlp_flat_seed9418_gpt_5_3_codex,worker_confirmation,yes,mlp_flat,gpt_5_3_codex,trial_029,9418,mlp_flat,gpt_5_3_codex,gpt-5.3-codex,20,20,20,20,True,1,1.684542,1.178457,1.178457,0.3004288405988096,0.3004288405988096,1520.2694075107574,248.2,True,True,True,True,True,True,True
worker_confirmation_holdout_mlp_flat_seed9418_gpt_5_4,worker_confirmation,yes,mlp_flat,gpt_5_4,trial_029,9418,mlp_flat,gpt_5_4,gpt-5.4,20,20,20,20,True,5,1.684542,1.255688,1.255688,0.2545819575884722,0.2545819575884722,1288.2288143634796,184.9,True,True,True,True,True,True,True
worker_confirmation_holdout_mlp_flat_seed9418_gpt_5_4_mini,worker_confirmation,yes,mlp_flat,gpt_5_4_mini,trial_029,9418,mlp_flat,gpt_5_4_mini,gpt-5.4-mini,20,20,20,20,True,6,1.684542,1.255812,1.255812,0.25450834707594117,0.25450834707594117,1384.054948091507,177.70000000000002,True,True,True,True,True,True,True
worker_confirmation_holdout_mlp_flat_seed9419_gpt_5_3_codex,worker_confirmation,yes,mlp_flat,gpt_5_3_codex,trial_030,9419,mlp_flat,gpt_5_3_codex,gpt-5.3-codex,20,20,20,20,True,9,1.684542,1.195778,1.195778,0.2901465205379266,0.2901465205379266,2615.2958340644836,326.0,True,True,True,True,True,True,True
worker_confirmation_holdout_mlp_flat_seed9419_gpt_5_4,worker_confirmation,yes,mlp_flat,gpt_5_4,trial_030,9419,mlp_flat,gpt_5_4,gpt-5.4,20,20,20,20,True,3,1.684542,1.304753,1.304753,0.22545534631965242,0.22545534631965242,927.3060417175293,169.7,True,True,True,True,True,True,True
worker_confirmation_holdout_mlp_flat_seed9419_gpt_5_4_mini,worker_confirmation,yes,mlp_flat,gpt_5_4_mini,trial_030,9419,mlp_flat,gpt_5_4_mini,gpt-5.4-mini,20,20,20,20,True,1,1.684542,1.272586,1.272586,0.2445507443566263,0.2445507443566263,2743.9019298553467,1059.2,True,True,True,True,True,True,True
worker_confirmation_holdout_mlp_flat_seed9420_gpt_5_3_codex,worker_confirmation,no,,,,9420,mlp_flat,gpt_5_3_codex,gpt-5.3-codex,20,20,20,20,True,1,1.684542,1.42816,1.42816,0.15219685825583446,0.15219685825583446,624.2300581932068,53.20000000000001,True,True,True,True,True,True,True
worker_confirmation_holdout_mlp_flat_seed9420_gpt_5_4,worker_confirmation,no,,,,9420,mlp_flat,gpt_5_4,gpt-5.4,20,20,20,20,True,4,1.684542,1.309839,1.309839,0.22243612803955023,0.22243612803955023,976.9191226959229,246.89999999999998,True,True,True,True,True,True,True
worker_confirmation_holdout_mlp_flat_seed9420_gpt_5_4_mini,worker_confirmation,no,,,,9420,mlp_flat,gpt_5_4_mini,gpt-5.4-mini,20,20,20,20,True,15,1.684542,1.208792,1.208792,0.28242097852116477,0.28242097852116477,1223.9488415718079,164.4,True,True,True,True,True,True,True
worker_confirmation_holdout_mlp_flat_seed9421_gpt_5_3_codex,worker_confirmation,no,,,,9421,mlp_flat,gpt_5_3_codex,gpt-5.3-codex,20,20,20,20,True,7,1.684542,1.54749,1.54749,0.08135861260805605,0.08135861260805605,470.4669761657715,58.29999999999999,True,True,True,True,True,True,True
worker_confirmation_holdout_mlp_flat_seed9421_gpt_5_4,worker_confirmation,no,,,,9421,mlp_flat,gpt_5_4,gpt-5.4,20,20,20,20,True,1,1.684542,1.107718,1.107718,0.34242185709824985,0.34242185709824985,2047.151520729065,540.0,True,True,True,True,True,True,True
worker_confirmation_holdout_mlp_flat_seed9421_gpt_5_4_mini_02,worker_confirmation,no,,,,9421,mlp_flat,gpt_5_4_mini,gpt-5.4-mini,20,20,20,20,True,1,1.684542,1.247155,1.247155,0.2596474293903031,0.2596474293903031,1992.440847158432,410.0999999999999,True,True,True,True,True,True,True
worker_confirmation_holdout_mlp_flat_seed9422_gpt_5_3_codex,worker_confirmation,no,,,,9422,mlp_flat,gpt_5_3_codex,gpt-5.3-codex,20,20,20,20,True,9,1.684542,1.341734,1.341734,0.20350219822361212,0.20350219822361212,673.738893032074,56.9,True,True,True,True,True,True,True
worker_confirmation_holdout_mlp_flat_seed9422_gpt_5_4,worker_confirmation,no,,,,9422,mlp_flat,gpt_5_4,gpt-5.4,20,20,20,20,True,2,1.684542,1.201636,1.201636,0.28666901745400236,0.28666901745400236,1514.5241920948029,329.3,True,True,True,True,True,True,True
worker_confirmation_holdout_mlp_flat_seed9422_gpt_5_4_mini,worker_confirmation,no,,,,9422,mlp_flat,gpt_5_4_mini,gpt-5.4-mini,20,20,20,20,True,6,1.684542,1.471971,1.471971,0.12618919563893335,0.12618919563893335,1015.2450451850891,265.5,True,True,True,True,True,True,True
worker_confirmation_holdout_mlp_flat_seed9423_gpt_5_3_codex,worker_confirmation,no,,,,9423,mlp_flat,gpt_5_3_codex,gpt-5.3-codex,20,20,20,20,True,9,1.684542,1.254447,1.254447,0.25531865634694767,0.25531865634694767,1112.9893534183502,182.1,True,True,True,True,True,True,True
worker_confirmation_holdout_mlp_flat_seed9423_gpt_5_4,worker_confirmation,no,,,,9423,mlp_flat,gpt_5_4,gpt-5.4,20,20,20,20,True,2,1.684542,1.425108,1.425108,0.15400862667716206,0.15400862667716206,650.373528957367,100.60000000000001,True,True,True,True,True,True,True
worker_confirmation_holdout_mlp_flat_seed9423_gpt_5_4_mini,worker_confirmation,no,,,,9423,mlp_flat,gpt_5_4_mini,gpt-5.4-mini,20,20,20,20,True,9,1.684542,1.520474,1.520474,0.09739620620916539,0.09739620620916539,1296.7190358638763,546.4,True,True,True,True,True,True,True
worker_confirmation_holdout_mlp_flat_seed9424_gpt_5_3_codex,worker_confirmation,no,,,,9424,mlp_flat,gpt_5_3_codex,gpt-5.3-codex,20,20,20,20,True,4,1.684543,1.255939,1.255939,0.25443339825697536,0.25443339825697536,2073.5293078422546,663.5,True,True,True,True,True,True,True
worker_confirmation_holdout_mlp_flat_seed9424_gpt_5_4,worker_confirmation,no,,,,9424,mlp_flat,gpt_5_4,gpt-5.4,20,20,20,20,True,4,1.684542,1.162765,1.162765,0.30974413223297487,0.30974413223297487,1814.924082517624,471.5,True,True,True,True,True,True,True
worker_confirmation_holdout_mlp_flat_seed9424_gpt_5_4_mini,worker_confirmation,no,,,,9424,mlp_flat,gpt_5_4_mini,gpt-5.4-mini,20,20,20,20,False,,1.684542,1.674312,1.674312,0.006072867283807683,0.006072867283807683,822.8121898174286,115.79999999999995,True,True,True,True,True,True,True
worker_confirmation_holdout_mlp_flat_seed9425_gpt_5_3_codex,worker_confirmation,no,,,,9425,mlp_flat,gpt_5_3_codex,gpt-5.3-codex,20,20,20,20,False,,1.684543,1.639333,1.639333,0.026838139483527566,0.026838139483527566,450.6079754829407,22.300000000000004,True,True,True,True,True,True,True
worker_confirmation_holdout_mlp_flat_seed9425_gpt_5_4,worker_confirmation,no,,,,9425,mlp_flat,gpt_5_4,gpt-5.4,20,20,20,20,True,2,1.684542,1.18815,1.18815,0.2946747543249144,0.2946747543249144,1575.6556570529938,329.0,True,True,True,True,True,True,True
worker_confirmation_holdout_mlp_flat_seed9426_gpt_5_3_codex,worker_confirmation,no,,,,9426,mlp_flat,gpt_5_3_codex,gpt-5.3-codex,20,20,20,20,True,4,1.684542,1.261301,1.261301,0.2512498946301131,0.2512498946301131,1401.6958620548248,243.29999999999995,True,True,True,True,True,True,True
worker_confirmation_holdout_mlp_flat_seed9426_gpt_5_4,worker_confirmation,no,,,,9426,mlp_flat,gpt_5_4,gpt-5.4,20,20,20,20,True,2,1.684542,1.177193,1.177193,0.30117919292009343,0.30117919292009343,2365.265112876892,560.1,True,True,True,True,True,True,True
worker_confirmation_holdout_mlp_flat_seed9427_gpt_5_3_codex,worker_confirmation,no,,,,9427,mlp_flat,gpt_5_3_codex,gpt-5.3-codex,20,20,20,20,True,9,1.684542,1.297828,1.297828,0.22956625599124272,0.22956625599124272,1068.627780199051,120.09999999999998,True,True,True,True,True,True,True
worker_confirmation_holdout_mlp_flat_seed9427_gpt_5_4,worker_confirmation,no,,,,9427,mlp_flat,gpt_5_4,gpt-5.4,20,20,20,20,True,3,1.684542,1.237037,1.237037,0.2656538097595667,0.2656538097595667,913.4055840969086,147.8,True,True,True,True,True,True,True
worker_confirmation_holdout_mlp_flat_seed9428_gpt_5_3_codex,worker_confirmation,no,,,,9428,mlp_flat,gpt_5_3_codex,gpt-5.3-codex,20,20,20,20,True,7,1.684543,1.256626,1.256626,0.2540255725143258,0.2540255725143258,2406.0418784618378,293.5,True,True,True,True,True,True,True
worker_confirmation_holdout_mlp_flat_seed9428_gpt_5_4,worker_confirmation,no,,,,9428,mlp_flat,gpt_5_4,gpt-5.4,20,20,20,20,True,2,1.684542,1.212943,1.212943,0.27995680725087285,0.27995680725087285,1623.2732741832733,404.1,True,True,True,True,True,True,True
worker_confirmation_holdout_mlp_flat_seed9429_gpt_5_3_codex,worker_confirmation,no,,,,9429,mlp_flat,gpt_5_3_codex,gpt-5.3-codex,20,20,20,20,True,9,1.684542,1.28365,1.28365,0.23798278701273107,0.23798278701273107,1035.1002807617188,137.5,True,True,True,True,True,True,True
worker_confirmation_holdout_mlp_flat_seed9429_gpt_5_4,worker_confirmation,no,,,,9429,mlp_flat,gpt_5_4,gpt-5.4,20,20,20,20,True,1,1.684542,1.122778,1.122778,0.33348174162472644,0.33348174162472644,2496.831082344055,1035.8000000000002,True,True,True,True,True,True,True
worker_confirmation_holdout_resnet_micro_seed9400_gpt_5_3_codex,worker_confirmation,yes,resnet_micro,gpt_5_3_codex,trial_011,9400,resnet_micro,gpt_5_3_codex,gpt-5.3-codex,20,20,20,20,True,3,2.020699,1.635343,1.635343,0.1907043057872548,0.1907043057872548,1029.0180518627167,512.6,True,True,True,True,True,True,True
worker_confirmation_holdout_resnet_micro_seed9400_gpt_5_4,worker_confirmation,yes,resnet_micro,gpt_5_4,trial_011,9400,resnet_micro,gpt_5_4,gpt-5.4,20,20,20,20,True,2,2.020699,1.178115,1.178115,0.41697650169570033,0.41697650169570033,16465.478448867798,14997.023638160992,True,True,True,True,True,True,True
worker_confirmation_holdout_resnet_micro_seed9400_gpt_5_4_mini,worker_confirmation,yes,resnet_micro,gpt_5_4_mini,trial_011,9400,resnet_micro,gpt_5_4_mini,gpt-5.4-mini,20,20,20,20,True,1,2.021475,1.410588,1.410588,0.302198642080659,0.302198642080659,2862.5203053951263,1965.7000000000005,True,True,True,True,True,True,True
worker_confirmation_holdout_resnet_micro_seed9401_gpt_5_3_codex,worker_confirmation,yes,resnet_micro,gpt_5_3_codex,trial_012,9401,resnet_micro,gpt_5_3_codex,gpt-5.3-codex,20,20,20,20,True,1,2.020699,1.54612,1.54612,0.23485882855388165,0.23485882855388165,2098.800702571869,1389.7000000000003,True,True,True,True,True,True,True
worker_confirmation_holdout_resnet_micro_seed9401_gpt_5_4,worker_confirmation,yes,resnet_micro,gpt_5_4,trial_012,9401,resnet_micro,gpt_5_4,gpt-5.4,20,20,20,20,True,1,2.020082,1.437353,1.437353,0.28846799288345715,0.28846799288345715,2624.3263082504272,1463.0000000000002,True,True,True,True,True,True,True
worker_confirmation_holdout_resnet_micro_seed9401_gpt_5_4_mini,worker_confirmation,yes,resnet_micro,gpt_5_4_mini,trial_012,9401,resnet_micro,gpt_5_4_mini,gpt-5.4-mini,20,20,20,20,True,1,2.021475,0.981824,0.981824,0.5143031697151832,0.5143031697151832,12744.858675956726,11260.9,True,True,True,True,True,True,True
worker_confirmation_holdout_resnet_micro_seed9402_gpt_5_3_codex,worker_confirmation,yes,resnet_micro,gpt_5_3_codex,trial_013,9402,resnet_micro,gpt_5_3_codex,gpt-5.3-codex,20,20,20,20,True,3,2.020699,1.624587,1.624587,0.19602721632464806,0.19602721632464806,1166.8726551532745,621.1999999999999,True,True,True,True,True,True,True
worker_confirmation_holdout_resnet_micro_seed9402_gpt_5_4,worker_confirmation,yes,resnet_micro,gpt_5_4,trial_013,9402,resnet_micro,gpt_5_4,gpt-5.4,20,20,20,20,True,4,2.020699,1.58214,1.58214,0.21703331371965837,0.21703331371965837,1285.8232564926147,614.3000000000001,True,True,True,True,True,True,True
worker_confirmation_holdout_resnet_micro_seed9402_gpt_5_4_mini,worker_confirmation,yes,resnet_micro,gpt_5_4_mini,trial_013,9402,resnet_micro,gpt_5_4_mini,gpt-5.4-mini,20,20,20,20,True,1,2.021475,1.286195,1.286195,0.363734401860028,0.363734401860028,6196.070981025696,4525.400000000001,True,True,True,True,True,True,True
worker_confirmation_holdout_resnet_micro_seed9403_gpt_5_3_codex,worker_confirmation,yes,resnet_micro,gpt_5_3_codex,trial_014,9403,resnet_micro,gpt_5_3_codex,gpt-5.3-codex,20,20,20,20,True,4,2.020699,1.626133,1.626133,0.1952621345385928,0.1952621345385928,1121.1837530136108,638.1,True,True,True,True,True,True,True
worker_confirmation_holdout_resnet_micro_seed9403_gpt_5_4,worker_confirmation,yes,resnet_micro,gpt_5_4,trial_014,9403,resnet_micro,gpt_5_4,gpt-5.4,20,20,20,20,True,2,2.020699,1.373521,1.373521,0.32027432091568314,0.32027432091568314,3492.538616657257,2253.9,True,True,True,True,True,True,True
worker_confirmation_holdout_resnet_micro_seed9403_gpt_5_4_mini,worker_confirmation,yes,resnet_micro,gpt_5_4_mini,trial_014,9403,resnet_micro,gpt_5_4_mini,gpt-5.4-mini,20,20,20,20,True,3,2.021475,1.381395,1.381395,0.3166400771713725,0.3166400771713725,2640.82323884964,1713.5,True,True,True,True,True,True,True
worker_confirmation_holdout_resnet_micro_seed9404_gpt_5_3_codex,worker_confirmation,yes,resnet_micro,gpt_5_3_codex,trial_015,9404,resnet_micro,gpt_5_3_codex,gpt-5.3-codex,20,20,20,20,True,1,2.020699,1.652302,1.652302,0.18231166541874871,0.18231166541874871,836.2864036560059,338.40000000000003,True,True,True,True,True,True,True
worker_confirmation_holdout_resnet_micro_seed9404_gpt_5_4,worker_confirmation,yes,resnet_micro,gpt_5_4,trial_015,9404,resnet_micro,gpt_5_4,gpt-5.4,20,20,20,20,True,1,2.020699,1.584267,1.584267,0.21598070766601057,0.21598070766601057,1818.5080976486206,781.6999999999999,True,True,True,True,True,True,True
worker_confirmation_holdout_resnet_micro_seed9404_gpt_5_4_mini_02,worker_confirmation,yes,resnet_micro,gpt_5_4_mini,trial_015,9404,resnet_micro,gpt_5_4_mini,gpt-5.4-mini,20,20,20,20,True,1,2.021475,1.591198,1.591198,0.21285299100904054,0.21285299100904054,2294.1472005844116,1013.9000000000001,True,True,True,True,True,True,True
worker_confirmation_holdout_resnet_micro_seed9405_gpt_5_3_codex,worker_confirmation,yes,resnet_micro,gpt_5_3_codex,trial_016,9405,resnet_micro,gpt_5_3_codex,gpt-5.3-codex,20,20,20,20,True,3,2.020699,1.632165,1.632165,0.192277028889508,0.192277028889508,951.9126257896423,414.50000000000006,True,True,True,True,True,True,True
worker_confirmation_holdout_resnet_micro_seed9405_gpt_5_4,worker_confirmation,yes,resnet_micro,gpt_5_4,trial_016,9405,resnet_micro,gpt_5_4,gpt-5.4,20,20,20,20,True,1,2.020699,1.446305,1.446305,0.2842551018236759,0.2842551018236759,3298.5480868816376,2053.2999999999997,True,True,True,True,True,True,True
worker_confirmation_holdout_resnet_micro_seed9405_gpt_5_4_mini,worker_confirmation,yes,resnet_micro,gpt_5_4_mini,trial_016,9405,resnet_micro,gpt_5_4_mini,gpt-5.4-mini,20,20,20,20,True,1,2.021475,1.041018,1.041018,0.4850205913998442,0.4850205913998442,4793.57567691803,3817.1,True,True,True,True,True,True,True
worker_confirmation_holdout_resnet_micro_seed9406_gpt_5_3_codex,worker_confirmation,yes,resnet_micro,gpt_5_3_codex,trial_017,9406,resnet_micro,gpt_5_3_codex,gpt-5.3-codex,20,20,20,20,True,1,2.020082,1.530923,1.530923,0.24214809101808735,0.24214809101808735,1672.7592239379883,990.0999999999999,True,True,True,True,True,True,True
worker_confirmation_holdout_resnet_micro_seed9406_gpt_5_4,worker_confirmation,yes,resnet_micro,gpt_5_4,trial_017,9406,resnet_micro,gpt_5_4,gpt-5.4,20,20,20,20,True,2,2.020699,1.416738,1.416738,0.2988871672624176,0.2988871672624176,3364.4116339683533,1824.6999999999998,True,True,True,True,True,True,True
worker_confirmation_holdout_resnet_micro_seed9406_gpt_5_4_mini,worker_confirmation,yes,resnet_micro,gpt_5_4_mini,trial_017,9406,resnet_micro,gpt_5_4_mini,gpt-5.4-mini,20,20,20,20,True,1,2.021475,1.5562,1.5562,0.23016609159153592,0.23016609159153592,6059.9802877902985,3846.5,True,True,True,True,True,True,True
worker_confirmation_holdout_resnet_micro_seed9407_gpt_5_3_codex,worker_confirmation,yes,resnet_micro,gpt_5_3_codex,trial_018,9407,resnet_micro,gpt_5_3_codex,gpt-5.3-codex,20,20,20,20,True,1,2.020082,1.533407,1.533407,0.24091843796439946,0.24091843796439946,1620.9746160507202,928.3,True,True,True,True,True,True,True
worker_confirmation_holdout_resnet_micro_seed9407_gpt_5_4,worker_confirmation,yes,resnet_micro,gpt_5_4,trial_018,9407,resnet_micro,gpt_5_4,gpt-5.4,20,20,20,20,True,2,2.020082,1.549308,1.549308,0.23304697532080382,0.23304697532080382,2320.0653052330017,1139.6000000000001,True,True,True,True,True,True,True
worker_confirmation_holdout_resnet_micro_seed9407_gpt_5_4_mini,worker_confirmation,yes,resnet_micro,gpt_5_4_mini,trial_018,9407,resnet_micro,gpt_5_4_mini,gpt-5.4-mini,20,20,20,20,True,1,2.021475,1.050475,1.050475,0.48034232429290497,0.48034232429290497,4297.561962127686,3157.8,True,True,True,True,True,True,True
worker_confirmation_holdout_resnet_micro_seed9408_gpt_5_3_codex,worker_confirmation,yes,resnet_micro,gpt_5_3_codex,trial_019,9408,resnet_micro,gpt_5_3_codex,gpt-5.3-codex,20,20,20,20,True,1,2.020699,1.719172,1.719172,0.14921915634144428,0.14921915634144428,614.8227422237396,183.29999999999998,True,True,True,True,True,True,True
worker_confirmation_holdout_resnet_micro_seed9408_gpt_5_4,worker_confirmation,yes,resnet_micro,gpt_5_4,trial_019,9408,resnet_micro,gpt_5_4,gpt-5.4,20,20,20,20,True,2,2.020699,1.356256,1.356256,0.32881839403097646,0.32881839403097646,2024.46058011055,1029.9,True,True,True,True,True,True,True
worker_confirmation_holdout_resnet_micro_seed9408_gpt_5_4_mini_02,worker_confirmation,no,,,,9408,resnet_micro,gpt_5_4_mini,gpt-5.4-mini,20,20,20,20,True,2,2.021475,0.885117,0.885117,0.5621429896486476,0.5621429896486476,24510.5011947155,22769.40510289702,True,True,True,True,True,True,True
worker_confirmation_holdout_resnet_micro_seed9409_gpt_5_3_codex,worker_confirmation,yes,resnet_micro,gpt_5_3_codex,trial_020,9409,resnet_micro,gpt_5_3_codex,gpt-5.3-codex,20,20,20,20,True,7,2.020699,1.673834,1.673834,0.17165594677881266,0.17165594677881266,799.2886381149292,314.2,True,True,True,True,True,True,True
worker_confirmation_holdout_resnet_micro_seed9409_gpt_5_4,worker_confirmation,yes,resnet_micro,gpt_5_4,trial_020,9409,resnet_micro,gpt_5_4,gpt-5.4,20,20,20,20,True,2,2.020082,1.198191,1.198191,0.4068602165654661,0.4068602165654661,10757.64526772499,9278.833343983006,True,True,True,True,True,True,True
worker_confirmation_holdout_resnet_micro_seed9409_gpt_5_4_mini,worker_confirmation,yes,resnet_micro,gpt_5_4_mini,trial_019,9409,resnet_micro,gpt_5_4_mini,gpt-5.4-mini,20,20,20,20,True,1,2.021475,1.272729,1.272729,0.37039587429970694,0.37039587429970694,3831.6858773231506,2518.2000000000003,True,True,True,True,True,True,True
worker_confirmation_holdout_resnet_micro_seed9410_gpt_5_3_codex,worker_confirmation,yes,resnet_micro,gpt_5_3_codex,trial_021,9410,resnet_micro,gpt_5_3_codex,gpt-5.3-codex,20,20,20,20,True,2,2.020699,1.61467,1.61467,0.20093492400402038,0.20093492400402038,1656.2835907936096,859.4,True,True,True,True,True,True,True
worker_confirmation_holdout_resnet_micro_seed9410_gpt_5_4,worker_confirmation,yes,resnet_micro,gpt_5_4,trial_021,9410,resnet_micro,gpt_5_4,gpt-5.4,20,20,20,20,True,1,2.020699,1.540384,1.540384,0.23769745023875405,0.23769745023875405,2870.760402202606,1912.2,True,True,True,True,True,True,True
worker_confirmation_holdout_resnet_micro_seed9410_gpt_5_4_mini,worker_confirmation,yes,resnet_micro,gpt_5_4_mini,trial_020,9410,resnet_micro,gpt_5_4_mini,gpt-5.4-mini,20,20,20,20,True,2,2.021475,1.49147,1.49147,0.2621872642501144,0.2621872642501144,2025.9856042861938,1137.3,True,True,True,True,True,True,True
worker_confirmation_holdout_resnet_micro_seed9411_gpt_5_3_codex,worker_confirmation,yes,resnet_micro,gpt_5_3_codex,trial_022,9411,resnet_micro,gpt_5_3_codex,gpt-5.3-codex,20,20,20,20,True,1,2.020082,1.621562,1.621562,0.19727912035254014,0.19727912035254014,1722.8840112686157,1016.7,True,True,True,True,True,True,True
worker_confirmation_holdout_resnet_micro_seed9411_gpt_5_4,worker_confirmation,yes,resnet_micro,gpt_5_4,trial_022,9411,resnet_micro,gpt_5_4,gpt-5.4,20,20,20,20,True,2,2.020082,1.319193,1.319193,0.34696066793328184,0.34696066793328184,5749.804216861725,4345.2,True,True,True,True,True,True,True
worker_confirmation_holdout_resnet_micro_seed9411_gpt_5_4_mini,worker_confirmation,yes,resnet_micro,gpt_5_4_mini,trial_021,9411,resnet_micro,gpt_5_4_mini,gpt-5.4-mini,20,20,20,20,True,1,2.021475,1.414721,1.414721,0.30015409540063576,0.30015409540063576,2107.6270112991333,1036.8000000000002,True,True,True,True,True,True,True
worker_confirmation_holdout_resnet_micro_seed9412_gpt_5_3_codex,worker_confirmation,yes,resnet_micro,gpt_5_3_codex,trial_023,9412,resnet_micro,gpt_5_3_codex,gpt-5.3-codex,20,20,20,20,True,1,2.020699,1.582272,1.582272,0.21696798978967186,0.21696798978967186,1000.826123714447,491.3,True,True,True,True,True,True,True
worker_confirmation_holdout_resnet_micro_seed9412_gpt_5_4,worker_confirmation,yes,resnet_micro,gpt_5_4,trial_023,9412,resnet_micro,gpt_5_4,gpt-5.4,20,20,20,20,True,1,2.020082,1.473951,1.473951,0.27035090654735794,0.27035090654735794,3637.555207967758,2587.7,True,True,True,True,True,True,True
worker_confirmation_holdout_resnet_micro_seed9413_gpt_5_3_codex,worker_confirmation,yes,resnet_micro,gpt_5_3_codex,trial_024,9413,resnet_micro,gpt_5_3_codex,gpt-5.3-codex,20,20,20,20,True,1,2.020699,1.631049,1.631049,0.19282931302484935,0.19282931302484935,1575.264756679535,1018.8000000000002,True,True,True,True,True,True,True
worker_confirmation_holdout_resnet_micro_seed9413_gpt_5_4,worker_confirmation,yes,resnet_micro,gpt_5_4,trial_024,9413,resnet_micro,gpt_5_4,gpt-5.4,20,20,20,20,True,2,2.020082,1.359404,1.359404,0.32705504033994653,0.32705504033994653,3042.709392786026,2024.9000000000003,True,True,True,True,True,True,True
worker_confirmation_holdout_resnet_micro_seed9413_gpt_5_4_mini,worker_confirmation,yes,resnet_micro,gpt_5_4_mini,trial_022,9413,resnet_micro,gpt_5_4_mini,gpt-5.4-mini,20,20,20,20,True,1,2.021475,1.493231,1.493231,0.26131611818103123,0.26131611818103123,1225.8117606639862,545.8000000000001,True,True,True,True,True,True,True
worker_confirmation_holdout_resnet_micro_seed9414_gpt_5_3_codex,worker_confirmation,yes,resnet_micro,gpt_5_3_codex,trial_025,9414,resnet_micro,gpt_5_3_codex,gpt-5.3-codex,20,20,20,20,True,4,2.020082,1.651961,1.651961,0.182230721327154,0.182230721327154,984.0481181144714,364.30000000000007,True,True,True,True,True,True,True
worker_confirmation_holdout_resnet_micro_seed9414_gpt_5_4,worker_confirmation,yes,resnet_micro,gpt_5_4,trial_025,9414,resnet_micro,gpt_5_4,gpt-5.4,20,20,20,20,True,1,2.020699,1.287696,1.287696,0.3627472473634124,0.3627472473634124,4048.359256505966,3187.1,True,True,True,True,True,True,True
worker_confirmation_holdout_resnet_micro_seed9414_gpt_5_4_mini,worker_confirmation,yes,resnet_micro,gpt_5_4_mini,trial_023,9414,resnet_micro,gpt_5_4_mini,gpt-5.4-mini,20,20,20,20,True,1,2.021475,1.513111,1.513111,0.2514817150842825,0.2514817150842825,3967.799634695053,2266.0,True,True,True,True,True,True,True
worker_confirmation_holdout_resnet_micro_seed9415_gpt_5_3_codex,worker_confirmation,yes,resnet_micro,gpt_5_3_codex,trial_026,9415,resnet_micro,gpt_5_3_codex,gpt-5.3-codex,20,20,20,20,True,1,2.020082,1.645697,1.645697,0.1853315855494975,0.1853315855494975,1028.9219462871552,427.99999999999994,True,True,True,True,True,True,True
worker_confirmation_holdout_resnet_micro_seed9415_gpt_5_4,worker_confirmation,yes,resnet_micro,gpt_5_4,trial_026,9415,resnet_micro,gpt_5_4,gpt-5.4,20,20,20,20,True,2,2.020699,1.513843,1.513843,0.2508320140703786,0.2508320140703786,1785.7868995666504,1142.4,True,True,True,True,True,True,True
worker_confirmation_holdout_resnet_micro_seed9415_gpt_5_4_mini,worker_confirmation,yes,resnet_micro,gpt_5_4_mini,trial_024,9415,resnet_micro,gpt_5_4_mini,gpt-5.4-mini,20,20,20,20,True,2,2.021475,1.458802,1.458802,0.2783477411296208,0.2783477411296208,2170.629960536957,1424.1573308359891,True,True,True,True,True,True,True
worker_confirmation_holdout_resnet_micro_seed9416_gpt_5_3_codex,worker_confirmation,yes,resnet_micro,gpt_5_3_codex,trial_027,9416,resnet_micro,gpt_5_3_codex,gpt-5.3-codex,20,20,20,20,True,3,2.020699,1.633701,1.633701,0.19151689588602752,0.19151689588602752,934.3864376544952,443.0,True,True,True,True,True,True,True
worker_confirmation_holdout_resnet_micro_seed9416_gpt_5_4,worker_confirmation,yes,resnet_micro,gpt_5_4,trial_027,9416,resnet_micro,gpt_5_4,gpt-5.4,20,20,20,20,True,2,2.020082,1.464981,1.464981,0.27479132035234205,0.27479132035234205,1733.1801590919495,849.6000000000001,True,True,True,True,True,True,True
worker_confirmation_holdout_resnet_micro_seed9416_gpt_5_4_mini,worker_confirmation,yes,resnet_micro,gpt_5_4_mini,trial_025,9416,resnet_micro,gpt_5_4_mini,gpt-5.4-mini,20,20,20,20,True,2,2.021475,1.316472,1.316472,0.34875672466886803,0.34875672466886803,8532.398452997208,6835.3,True,True,True,True,True,True,True
worker_confirmation_holdout_resnet_micro_seed9417_gpt_5_3_codex,worker_confirmation,yes,resnet_micro,gpt_5_3_codex,trial_028,9417,resnet_micro,gpt_5_3_codex,gpt-5.3-codex,20,20,20,20,True,3,2.020699,1.608773,1.608773,0.20385322108834616,0.20385322108834616,1560.5919296741486,1010.8,True,True,True,True,True,True,True
worker_confirmation_holdout_resnet_micro_seed9417_gpt_5_4,worker_confirmation,yes,resnet_micro,gpt_5_4,trial_028,9417,resnet_micro,gpt_5_4,gpt-5.4,20,20,20,20,True,1,2.020082,1.42115,1.42115,0.2964889544087814,0.2964889544087814,4592.312743663788,3457.7000000000003,True,True,True,True,True,True,True
worker_confirmation_holdout_resnet_micro_seed9417_gpt_5_4_mini,worker_confirmation,yes,resnet_micro,gpt_5_4_mini,trial_026,9417,resnet_micro,gpt_5_4_mini,gpt-5.4-mini,20,20,20,20,True,1,2.021475,1.492375,1.492375,0.2617395713526015,0.2617395713526015,2918.0055663585663,1696.5,True,True,True,True,True,True,True
worker_confirmation_holdout_resnet_micro_seed9418_gpt_5_3_codex,worker_confirmation,yes,resnet_micro,gpt_5_3_codex,trial_029,9418,resnet_micro,gpt_5_3_codex,gpt-5.3-codex,20,20,20,20,True,2,2.020082,1.503707,1.503707,0.2556208114324072,0.2556208114324072,2637.7259221076965,1796.3999999999999,True,True,True,True,True,True,True
worker_confirmation_holdout_resnet_micro_seed9418_gpt_5_4,worker_confirmation,yes,resnet_micro,gpt_5_4,trial_029,9418,resnet_micro,gpt_5_4,gpt-5.4,20,20,20,20,True,2,2.020699,1.161894,1.161894,0.4250039219101905,0.4250039219101905,3216.301595926285,2402.2000000000003,True,True,True,True,True,True,True
worker_confirmation_holdout_resnet_micro_seed9418_gpt_5_4_mini,worker_confirmation,yes,resnet_micro,gpt_5_4_mini,trial_027,9418,resnet_micro,gpt_5_4_mini,gpt-5.4-mini,20,20,20,20,True,2,2.021475,1.560553,1.560553,0.2280127134889128,0.2280127134889128,3130.241328716278,1652.6000000000001,True,True,True,True,True,True,True
worker_confirmation_holdout_resnet_micro_seed9419_gpt_5_3_codex,worker_confirmation,yes,resnet_micro,gpt_5_3_codex,trial_030,9419,resnet_micro,gpt_5_3_codex,gpt-5.3-codex,20,20,20,20,True,3,2.020082,1.69655,1.69655,0.16015785497816423,0.16015785497816423,1922.0000202655792,1198.8000000000002,True,True,True,True,True,True,True
worker_confirmation_holdout_resnet_micro_seed9419_gpt_5_4,worker_confirmation,yes,resnet_micro,gpt_5_4,trial_030,9419,resnet_micro,gpt_5_4,gpt-5.4,20,20,20,20,True,2,2.020082,1.533342,1.533342,0.24095061487602976,0.24095061487602976,1095.0442759990692,397.3,True,True,True,True,True,True,True
worker_confirmation_holdout_resnet_micro_seed9419_gpt_5_4_mini,worker_confirmation,yes,resnet_micro,gpt_5_4_mini,trial_028,9419,resnet_micro,gpt_5_4_mini,gpt-5.4-mini,20,20,20,20,True,1,2.021475,1.37201,1.37201,0.32128272672182445,0.32128272672182445,5014.252780675888,3609.8,True,True,True,True,True,True,True
worker_confirmation_holdout_resnet_micro_seed9420_gpt_5_3_codex,worker_confirmation,no,,,,9420,resnet_micro,gpt_5_3_codex,gpt-5.3-codex,20,20,20,20,True,1,2.020699,1.545875,1.545875,0.23498007372696275,0.23498007372696275,1205.0780198574066,680.0999999999999,True,True,True,True,True,True,True
worker_confirmation_holdout_resnet_micro_seed9420_gpt_5_4_mini,worker_confirmation,yes,resnet_micro,gpt_5_4_mini,trial_029,9420,resnet_micro,gpt_5_4_mini,gpt-5.4-mini,20,20,20,20,True,1,2.021475,1.146946,1.146946,0.43261925079459307,0.43261925079459307,5491.0881950855255,4114.0,True,True,True,True,True,True,True
worker_confirmation_holdout_resnet_micro_seed9421_gpt_5_3_codex,worker_confirmation,no,,,,9421,resnet_micro,gpt_5_3_codex,gpt-5.3-codex,20,20,20,20,True,2,2.020699,1.51539,1.51539,0.25006643740606593,0.25006643740606593,2370.3374967575073,1733.0000000000002,True,True,True,True,True,True,True
worker_confirmation_holdout_resnet_micro_seed9421_gpt_5_4,worker_confirmation,no,,,,9421,resnet_micro,gpt_5_4,gpt-5.4,20,20,20,20,True,2,2.020082,1.368738,1.368738,0.3224344358298326,0.3224344358298326,3373.5757098197937,2439.4,True,True,True,True,True,True,True
worker_confirmation_holdout_resnet_micro_seed9421_gpt_5_4_mini,worker_confirmation,yes,resnet_micro,gpt_5_4_mini,trial_030,9421,resnet_micro,gpt_5_4_mini,gpt-5.4-mini,20,20,20,20,True,1,2.021475,1.192934,1.192934,0.4098695259649514,0.4098695259649514,9091.228073120117,7596.000000000001,True,True,True,True,True,True,True
worker_confirmation_holdout_resnet_micro_seed9422_gpt_5_3_codex,worker_confirmation,no,,,,9422,resnet_micro,gpt_5_3_codex,gpt-5.3-codex,20,20,20,20,True,2,2.020082,1.638704,1.638704,0.18879332621151024,0.18879332621151024,1254.9975137710571,616.6999999999999,True,True,True,True,True,True,True
worker_confirmation_holdout_resnet_micro_seed9422_gpt_5_4_02,worker_confirmation,no,,,,9422,resnet_micro,gpt_5_4,gpt-5.4,20,20,20,20,True,2,2.020699,1.400173,1.400173,0.30708482559747896,0.30708482559747896,1523.5384197235107,845.9,True,True,True,True,True,True,True
worker_confirmation_holdout_resnet_micro_seed9422_gpt_5_4_mini,worker_confirmation,no,,,,9422,resnet_micro,gpt_5_4_mini,gpt-5.4-mini,20,20,20,20,True,2,2.021475,1.615979,1.615979,0.20059412062973822,0.20059412062973822,1933.1401097774506,930.0936179460027,True,True,True,True,True,True,True
worker_confirmation_holdout_resnet_micro_seed9423_gpt_5_3_codex,worker_confirmation,no,,,,9423,resnet_micro,gpt_5_3_codex,gpt-5.3-codex,20,20,20,20,True,3,2.020699,1.505446,1.505446,0.25498750679839005,0.25498750679839005,1619.623385667801,1033.2,True,True,True,True,True,True,True
worker_confirmation_holdout_resnet_micro_seed9423_gpt_5_4,worker_confirmation,no,,,,9423,resnet_micro,gpt_5_4,gpt-5.4,20,20,20,20,True,2,2.020699,1.332804,1.332804,0.34042427892526295,0.34042427892526295,2381.761117219925,1599.9999999999995,True,True,True,True,True,True,True
worker_confirmation_holdout_resnet_micro_seed9423_gpt_5_4_mini,worker_confirmation,no,,,,9423,resnet_micro,gpt_5_4_mini,gpt-5.4-mini,20,20,20,20,True,2,2.021475,1.426443,1.426443,0.29435535932920276,0.29435535932920276,1904.2241065502167,986.8999999999999,True,True,True,True,True,True,True
worker_confirmation_holdout_resnet_micro_seed9424_gpt_5_3_codex,worker_confirmation,no,,,,9424,resnet_micro,gpt_5_3_codex,gpt-5.3-codex,20,20,20,20,True,5,2.020699,1.562102,1.562102,0.22694968424292777,0.22694968424292777,1665.4803676605225,1114.6999999999998,True,True,True,True,True,True,True
worker_confirmation_holdout_resnet_micro_seed9424_gpt_5_4,worker_confirmation,no,,,,9424,resnet_micro,gpt_5_4,gpt-5.4,20,20,20,20,True,3,2.020699,1.472929,1.472929,0.27107946309668096,0.27107946309668096,1942.9654738903046,1254.7000000000003,True,True,True,True,True,True,True
worker_confirmation_holdout_resnet_micro_seed9424_gpt_5_4_mini,worker_confirmation,no,,,,9424,resnet_micro,gpt_5_4_mini,gpt-5.4-mini,20,20,20,20,True,3,2.021475,1.42073,1.42073,0.29718151349880656,0.29718151349880656,1705.6051473617554,822.5999999999999,True,True,True,True,True,True,True
worker_confirmation_holdout_resnet_micro_seed9425_gpt_5_3_codex,worker_confirmation,no,,,,9425,resnet_micro,gpt_5_3_codex,gpt-5.3-codex,20,20,20,20,True,1,2.020699,1.638406,1.638406,0.1891884936846111,0.1891884936846111,880.5435917377472,369.4,True,True,True,True,True,True,True
worker_confirmation_holdout_resnet_micro_seed9425_gpt_5_4,worker_confirmation,no,,,,9425,resnet_micro,gpt_5_4,gpt-5.4,20,20,20,20,True,2,2.020699,1.528366,1.528366,0.24364489713707985,0.24364489713707985,1874.2621505260468,1208.5,True,True,True,True,True,True,True
worker_confirmation_holdout_resnet_micro_seed9426_gpt_5_3_codex,worker_confirmation,no,,,,9426,resnet_micro,gpt_5_3_codex,gpt-5.3-codex,20,20,20,20,True,3,2.020699,1.624137,1.624137,0.19624991154051152,0.19624991154051152,1158.8598277568817,608.1000000000001,True,True,True,True,True,True,True
worker_confirmation_holdout_resnet_micro_seed9426_gpt_5_4,worker_confirmation,no,,,,9426,resnet_micro,gpt_5_4,gpt-5.4,20,20,20,20,True,1,2.020082,1.365443,1.365443,0.324065557734785,0.324065557734785,2979.389348745346,2070.8999999999996,True,True,True,True,True,True,True
worker_confirmation_holdout_resnet_micro_seed9427_gpt_5_3_codex,worker_confirmation,no,,,,9427,resnet_micro,gpt_5_3_codex,gpt-5.3-codex,20,20,20,20,True,2,2.020699,1.608236,1.608236,0.20411897071260984,0.20411897071260984,1659.9467837810516,1068.2,True,True,True,True,True,True,True
worker_confirmation_holdout_resnet_micro_seed9428_gpt_5_3_codex,worker_confirmation,no,,,,9428,resnet_micro,gpt_5_3_codex,gpt-5.3-codex,20,20,20,20,True,3,2.020699,1.588378,1.588378,0.21394626314953388,0.21394626314953388,1310.772566318512,745.1999999999999,True,True,True,True,True,True,True
worker_confirmation_holdout_resnet_micro_seed9429_gpt_5_3_codex,worker_confirmation,no,,,,9429,resnet_micro,gpt_5_3_codex,gpt-5.3-codex,20,20,20,20,True,1,2.020699,1.578992,1.578992,0.21859119047418743,0.21859119047418743,1331.1699719429016,761.7,True,True,True,True,True,True,True
